{"cameraMode":{"drawMode":0,"name":"Shaded","section":"Shading Mode"},"sceneLighting":false,"audioPlay":false,"sceneViewState":{"showFog":true,"showMaterialUpdate":false,"showSkybox":false,"showFlares":true,"showImageEffects":true,"showParticleSystems":true},"in2DMode":false,"pivot":{"x":-1.6468231678009034,"y":0.3148554563522339,"z":1.1359387636184693},"rotation":{"x":-0.14424921572208405,"y":-0.2284320443868637,"z":0.034250885248184207,"w":-0.9622046947479248},"size":0.3072276711463928,"orthographic":false}