{"cameraMode":{"drawMode":2,"name":"Shaded Wireframe","section":"Shading Mode"},"sceneLighting":true,"audioPlay":false,"sceneViewState":{"showFog":true,"showMaterialUpdate":false,"showSkybox":true,"showFlares":true,"showImageEffects":true,"showParticleSystems":true},"in2DMode":false,"pivot":{"x":45.58613204956055,"y":1.4316186904907227,"z":5.969611167907715},"rotation":{"x":-0.5016417503356934,"y":-0.496871680021286,"z":0.4730539321899414,"w":-0.5269668698310852},"size":171.34890747070313,"orthographic":false}